image_id,class
02371.jpg,siamese+cat
00767.jpg,german+shepherd
02360.jpg,german+shepherd
00266.jpg,wolf
02450.jpg,deer
01496.jpg,german+shepherd
01600.jpg,hippopotamus
00847.jpg,mouse
00822.jpg,beaver
00614.jpg,mouse
02856.jpg,spider+monkey
02621.jpg,humpback+whale
01850.jpg,persian+cat
00878.jpg,spider+monkey
01473.jpg,pig
00091.jpg,dolphin
01713.jpg,spider+monkey
01306.jpg,seal
00838.jpg,siamese+cat
01760.jpg,lion
02600.jpg,hamster
00296.jpg,german+shepherd
01000.jpg,leopard
01445.jpg,elephant
01179.jpg,chihuahua
02179.jpg,mole
00219.jpg,weasel
02567.jpg,spider+monkey
02327.jpg,cow
02817.jpg,spider+monkey
01029.jpg,deer
00130.jpg,german+shepherd
00460.jpg,rat
00254.jpg,antelope
00884.jpg,elephant
02585.jpg,wolf
01329.jpg,seal
00706.jpg,chihuahua
00896.jpg,spider+monkey
00160.jpg,mouse
02085.jpg,walrus
01173.jpg,spider+monkey
00109.jpg,rat
02787.jpg,wolf
02880.jpg,cow
02696.jpg,cow
00111.jpg,zebra
01081.jpg,giraffe
02997.jpg,rat
01779.jpg,spider+monkey
01728.jpg,beaver
02418.jpg,bobcat
00056.jpg,deer
02308.jpg,rat
02392.jpg,rat
01978.jpg,mole
02238.jpg,siamese+cat
01093.jpg,giant+panda
02686.jpg,hamster
01307.jpg,hippopotamus
02774.jpg,spider+monkey
00030.jpg,hippopotamus
01133.jpg,deer
00907.jpg,walrus
02099.jpg,tiger
01616.jpg,seal
00944.jpg,walrus
01045.jpg,wolf
02201.jpg,deer
01980.jpg,raccoon
00942.jpg,walrus
00680.jpg,hamster
02432.jpg,spider+monkey
01864.jpg,chihuahua
01683.jpg,wolf
00938.jpg,hamster
01643.jpg,hamster
02670.jpg,spider+monkey
02191.jpg,skunk
00571.jpg,german+shepherd
01535.jpg,spider+monkey
00808.jpg,giraffe
01809.jpg,wolf
00340.jpg,german+shepherd
02313.jpg,antelope
01017.jpg,lion
02809.jpg,spider+monkey
00074.jpg,spider+monkey
02310.jpg,killer+whale
00009.jpg,spider+monkey
00530.jpg,german+shepherd
00361.jpg,elephant
02611.jpg,walrus
01194.jpg,rat
01921.jpg,raccoon
01487.jpg,giraffe
01886.jpg,spider+monkey
01406.jpg,deer
01151.jpg,wolf
02266.jpg,hamster
00308.jpg,weasel
01071.jpg,bobcat
02757.jpg,deer
01001.jpg,wolf
02119.jpg,bat
01547.jpg,hamster
02984.jpg,weasel
02457.jpg,spider+monkey
00580.jpg,bobcat
02212.jpg,bobcat
00439.jpg,weasel
01458.jpg,lion
02118.jpg,spider+monkey
00161.jpg,otter
02605.jpg,cow
02541.jpg,spider+monkey
00377.jpg,tiger
01137.jpg,weasel
01861.jpg,blue+whale
01888.jpg,weasel
02367.jpg,ox
01149.jpg,bobcat
01672.jpg,weasel
01727.jpg,seal
00802.jpg,cow
00215.jpg,walrus
02639.jpg,spider+monkey
00116.jpg,mouse
01420.jpg,giraffe
02048.jpg,blue+whale
00681.jpg,deer
01906.jpg,german+shepherd
00081.jpg,dolphin
00280.jpg,deer
01963.jpg,wolf
02783.jpg,deer
00428.jpg,spider+monkey
01067.jpg,raccoon
01212.jpg,rat
01777.jpg,antelope
02349.jpg,german+shepherd
02066.jpg,spider+monkey
01139.jpg,mouse
00468.jpg,mouse
00324.jpg,siamese+cat
02775.jpg,deer
01862.jpg,killer+whale
01569.jpg,dalmatian
00976.jpg,bat
00694.jpg,weasel
00596.jpg,mole
00787.jpg,wolf
02714.jpg,blue+whale
01718.jpg,raccoon
02325.jpg,rat
02914.jpg,grizzly+bear
00879.jpg,antelope
02724.jpg,beaver
00316.jpg,buffalo
00269.jpg,leopard
00364.jpg,buffalo
01662.jpg,hamster
00299.jpg,lion
02094.jpg,german+shepherd
02184.jpg,deer
02673.jpg,polar+bear
01596.jpg,bobcat
00754.jpg,rat
00983.jpg,deer
01901.jpg,otter
00872.jpg,spider+monkey
02278.jpg,pig
02279.jpg,rat
02209.jpg,tiger
00743.jpg,deer
02396.jpg,ox
01413.jpg,skunk
00560.jpg,raccoon
02897.jpg,deer
02814.jpg,chihuahua
00386.jpg,cow
01215.jpg,spider+monkey
00498.jpg,hamster
00581.jpg,leopard
01123.jpg,mouse
02270.jpg,buffalo
02168.jpg,tiger
01068.jpg,rat
02205.jpg,german+shepherd
02954.jpg,hippopotamus
01118.jpg,siamese+cat
02281.jpg,buffalo
00629.jpg,giant+panda
00795.jpg,spider+monkey
00995.jpg,chihuahua
01410.jpg,german+shepherd
00784.jpg,elephant
00785.jpg,zebra
01847.jpg,german+shepherd
01250.jpg,wolf
02470.jpg,deer
01284.jpg,killer+whale
00516.jpg,cow
01065.jpg,elephant
02761.jpg,cow
01387.jpg,mouse
01876.jpg,german+shepherd
00936.jpg,mole
02163.jpg,deer
02837.jpg,cow
01336.jpg,polar+bear
01274.jpg,humpback+whale
01678.jpg,raccoon
02949.jpg,wolf
00363.jpg,spider+monkey
01340.jpg,dalmatian
01283.jpg,spider+monkey
00950.jpg,cow
01738.jpg,german+shepherd
01094.jpg,otter
02291.jpg,weasel
01097.jpg,buffalo
02618.jpg,hippopotamus
01155.jpg,raccoon
00413.jpg,cow
02715.jpg,spider+monkey
02900.jpg,killer+whale
00893.jpg,bobcat
01131.jpg,zebra
02226.jpg,elephant
01175.jpg,grizzly+bear
01415.jpg,skunk
00237.jpg,tiger
00381.jpg,chihuahua
01646.jpg,spider+monkey
01614.jpg,dalmatian
02864.jpg,antelope
00617.jpg,bobcat
02750.jpg,blue+whale
02675.jpg,spider+monkey
01996.jpg,wolf
00359.jpg,buffalo
01971.jpg,polar+bear
01992.jpg,hippopotamus
01964.jpg,skunk
01156.jpg,leopard
01374.jpg,pig
01908.jpg,raccoon
00411.jpg,zebra
02848.jpg,weasel
01354.jpg,antelope
00023.jpg,weasel
01815.jpg,rat
02336.jpg,leopard
01894.jpg,spider+monkey
00873.jpg,walrus
01597.jpg,deer
01172.jpg,tiger
00887.jpg,german+shepherd
00387.jpg,humpback+whale
01234.jpg,dalmatian
01953.jpg,giraffe
00678.jpg,spider+monkey
00380.jpg,wolf
02240.jpg,humpback+whale
01947.jpg,polar+bear
00107.jpg,mole
02957.jpg,ox
01136.jpg,giant+panda
00357.jpg,hamster
01747.jpg,deer
01823.jpg,tiger
02260.jpg,rat
00549.jpg,beaver
00624.jpg,dolphin
00798.jpg,persian+cat
02089.jpg,lion
02206.jpg,deer
00511.jpg,tiger
00816.jpg,leopard
02933.jpg,spider+monkey
00179.jpg,giraffe
00900.jpg,rat
02553.jpg,walrus
00328.jpg,polar+bear
02990.jpg,pig
01408.jpg,pig
02705.jpg,persian+cat
01095.jpg,cow
02105.jpg,buffalo
00660.jpg,german+shepherd
00899.jpg,polar+bear
01176.jpg,raccoon
00349.jpg,rat
01106.jpg,ox
02375.jpg,persian+cat
00252.jpg,elephant
00196.jpg,tiger
01132.jpg,bobcat
00076.jpg,german+shepherd
00234.jpg,elephant
02679.jpg,raccoon
00968.jpg,spider+monkey
01624.jpg,cow
01530.jpg,otter
02178.jpg,humpback+whale
00687.jpg,deer
02546.jpg,cow
00485.jpg,hamster
01298.jpg,giraffe
00037.jpg,hippopotamus
00465.jpg,spider+monkey
00853.jpg,skunk
02870.jpg,german+shepherd
01018.jpg,chihuahua
02476.jpg,mole
00198.jpg,killer+whale
00247.jpg,dalmatian
02881.jpg,mouse
00512.jpg,leopard
02797.jpg,spider+monkey
00195.jpg,weasel
00332.jpg,ox
01209.jpg,spider+monkey
01827.jpg,giraffe
00852.jpg,seal
02283.jpg,rat
00695.jpg,cow
01550.jpg,raccoon
01782.jpg,lion
02121.jpg,cow
01088.jpg,mouse
00653.jpg,elephant
00397.jpg,pig
00260.jpg,walrus
00278.jpg,german+shepherd
01158.jpg,spider+monkey
02531.jpg,ox
00049.jpg,bobcat
01796.jpg,pig
02257.jpg,leopard
02009.jpg,spider+monkey
02662.jpg,elephant
00789.jpg,cow
01368.jpg,hippopotamus
01384.jpg,otter
01899.jpg,deer
01589.jpg,hippopotamus
01529.jpg,killer+whale
00020.jpg,chihuahua
00051.jpg,elephant
01499.jpg,wolf
02174.jpg,weasel
00689.jpg,seal
02781.jpg,hippopotamus
01948.jpg,hippopotamus
00004.jpg,spider+monkey
01627.jpg,killer+whale
00583.jpg,chihuahua
01838.jpg,cow
02824.jpg,german+shepherd
01510.jpg,dolphin
02445.jpg,chihuahua
02027.jpg,otter
01905.jpg,grizzly+bear
01275.jpg,weasel
02329.jpg,persian+cat
02756.jpg,elephant
01076.jpg,tiger
01490.jpg,seal
02426.jpg,deer
02858.jpg,german+shepherd
00496.jpg,blue+whale
01439.jpg,skunk
02399.jpg,german+shepherd
01377.jpg,spider+monkey
02660.jpg,giraffe
00608.jpg,wolf
01734.jpg,zebra
01942.jpg,cow
01937.jpg,buffalo
02735.jpg,siamese+cat
01418.jpg,raccoon
00177.jpg,pig
01509.jpg,wolf
02007.jpg,cow
00442.jpg,tiger
00475.jpg,dalmatian
02185.jpg,raccoon
00346.jpg,weasel
01102.jpg,raccoon
01397.jpg,rat
02504.jpg,walrus
00531.jpg,skunk
00431.jpg,spider+monkey
01611.jpg,mole
00573.jpg,mouse
01801.jpg,giraffe
01786.jpg,mouse
00858.jpg,grizzly+bear
01981.jpg,persian+cat
00226.jpg,siamese+cat
00769.jpg,chihuahua
01618.jpg,wolf
02011.jpg,persian+cat
01619.jpg,chihuahua
00022.jpg,cow
02437.jpg,cow
00069.jpg,humpback+whale
01184.jpg,deer
01773.jpg,zebra
01998.jpg,grizzly+bear
01854.jpg,pig
00943.jpg,antelope
00207.jpg,tiger
02693.jpg,rat
02719.jpg,bobcat
01645.jpg,mole
02156.jpg,giraffe
01955.jpg,blue+whale
02938.jpg,giraffe
02025.jpg,giant+panda
00776.jpg,bobcat
01103.jpg,cow
02115.jpg,dolphin
02256.jpg,humpback+whale
00034.jpg,mouse
02003.jpg,tiger
02973.jpg,skunk
02965.jpg,pig
02518.jpg,giraffe
01502.jpg,hamster
01105.jpg,spider+monkey
01775.jpg,german+shepherd
02835.jpg,polar+bear
01193.jpg,humpback+whale
01566.jpg,tiger
02420.jpg,pig
02738.jpg,blue+whale
01421.jpg,zebra
02982.jpg,polar+bear
01218.jpg,beaver
02428.jpg,walrus
00333.jpg,leopard
00748.jpg,hamster
00890.jpg,weasel
00641.jpg,polar+bear
02417.jpg,cow
01653.jpg,grizzly+bear
02855.jpg,beaver
01358.jpg,ox
00270.jpg,wolf
00782.jpg,weasel
01849.jpg,blue+whale
00892.jpg,mole
02039.jpg,blue+whale
00277.jpg,giant+panda
02265.jpg,wolf
02776.jpg,seal
01322.jpg,elephant
00028.jpg,leopard
02655.jpg,mouse
02888.jpg,polar+bear
02580.jpg,mouse
02570.jpg,chihuahua
00132.jpg,spider+monkey
02586.jpg,blue+whale
02638.jpg,zebra
01680.jpg,mouse
00974.jpg,mouse
00740.jpg,humpback+whale
00745.jpg,spider+monkey
02590.jpg,dalmatian
00704.jpg,leopard
00871.jpg,dolphin
01625.jpg,spider+monkey
02400.jpg,chihuahua
02932.jpg,cow
02544.jpg,leopard
00946.jpg,cow
00459.jpg,spider+monkey
02851.jpg,spider+monkey
00038.jpg,spider+monkey
02597.jpg,hippopotamus
01467.jpg,giant+panda
01559.jpg,wolf
00052.jpg,raccoon
01069.jpg,blue+whale
01774.jpg,chihuahua
01767.jpg,giant+panda
00735.jpg,spider+monkey
01811.jpg,mouse
00984.jpg,walrus
01038.jpg,tiger
00129.jpg,bat
01481.jpg,hippopotamus
00453.jpg,hippopotamus
01160.jpg,elephant
00924.jpg,pig
00965.jpg,spider+monkey
02064.jpg,giant+panda
02233.jpg,mole
02194.jpg,dolphin
00444.jpg,leopard
00763.jpg,blue+whale
02159.jpg,tiger
02583.jpg,german+shepherd
00390.jpg,weasel
01239.jpg,rat
02342.jpg,deer
00284.jpg,elephant
02811.jpg,polar+bear
02472.jpg,cow
01671.jpg,persian+cat
02934.jpg,spider+monkey
00345.jpg,polar+bear
01191.jpg,raccoon
00720.jpg,humpback+whale
00143.jpg,mole
00351.jpg,persian+cat
02857.jpg,buffalo
01868.jpg,mouse
00663.jpg,killer+whale
02021.jpg,persian+cat
01214.jpg,cow
01286.jpg,deer
02421.jpg,skunk
02926.jpg,bobcat
02208.jpg,spider+monkey
01277.jpg,lion
00998.jpg,beaver
02677.jpg,killer+whale
02331.jpg,grizzly+bear
01568.jpg,giraffe
00746.jpg,antelope
00455.jpg,ox
00285.jpg,wolf
02722.jpg,bobcat
00311.jpg,skunk
02571.jpg,ox
01878.jpg,cow
01146.jpg,beaver
00235.jpg,dalmatian
01228.jpg,deer
01668.jpg,german+shepherd
00046.jpg,humpback+whale
00910.jpg,elephant
02475.jpg,pig
01006.jpg,chihuahua
01016.jpg,deer
02556.jpg,rat
00073.jpg,elephant
02427.jpg,tiger
02944.jpg,cow
01447.jpg,antelope
02074.jpg,elephant
01449.jpg,grizzly+bear
02485.jpg,hamster
00753.jpg,buffalo
00275.jpg,weasel
02924.jpg,beaver
01161.jpg,siamese+cat
00725.jpg,deer
01117.jpg,hippopotamus
01233.jpg,spider+monkey
00626.jpg,seal
01533.jpg,pig
00315.jpg,siamese+cat
02284.jpg,spider+monkey
01957.jpg,raccoon
02843.jpg,spider+monkey
00320.jpg,rat
01150.jpg,pig
01003.jpg,persian+cat
00419.jpg,beaver
00554.jpg,otter
02861.jpg,wolf
02254.jpg,beaver
02634.jpg,siamese+cat
01648.jpg,mouse
02366.jpg,pig
01634.jpg,cow
02464.jpg,spider+monkey
02993.jpg,spider+monkey
01985.jpg,raccoon
00410.jpg,spider+monkey
02275.jpg,spider+monkey
00182.jpg,bobcat
02894.jpg,spider+monkey
02215.jpg,spider+monkey
00765.jpg,beaver
01223.jpg,german+shepherd
01376.jpg,dalmatian
01872.jpg,elephant
00595.jpg,mouse
01603.jpg,pig
00605.jpg,beaver
02309.jpg,pig
01127.jpg,giant+panda
02096.jpg,spider+monkey
02403.jpg,wolf
01551.jpg,wolf
01855.jpg,walrus
00972.jpg,bobcat
02252.jpg,rat
01617.jpg,rat
00945.jpg,spider+monkey
00062.jpg,elephant
02818.jpg,siamese+cat
01521.jpg,killer+whale
01423.jpg,deer
00634.jpg,ox
01594.jpg,seal
00228.jpg,weasel
02374.jpg,chihuahua
02602.jpg,skunk
01943.jpg,hippopotamus
02829.jpg,wolf
00087.jpg,cow
01318.jpg,dalmatian
00003.jpg,rat
02493.jpg,cow
01922.jpg,spider+monkey
02312.jpg,pig
00199.jpg,wolf
00137.jpg,cow
02978.jpg,wolf
00625.jpg,cow
02995.jpg,weasel
02024.jpg,chihuahua
02770.jpg,spider+monkey
00843.jpg,mouse
01264.jpg,giraffe
00699.jpg,pig
02798.jpg,walrus
02175.jpg,wolf
02936.jpg,spider+monkey
01684.jpg,antelope
00922.jpg,lion
01554.jpg,deer
00164.jpg,spider+monkey
01615.jpg,buffalo
02972.jpg,bobcat
02551.jpg,polar+bear
01750.jpg,killer+whale
01719.jpg,antelope
01676.jpg,seal
00568.jpg,mouse
01677.jpg,spider+monkey
00916.jpg,mouse
00092.jpg,mole
01026.jpg,grizzly+bear
00253.jpg,humpback+whale
00072.jpg,otter
01797.jpg,weasel
00312.jpg,spider+monkey
01489.jpg,cow
00178.jpg,humpback+whale
00937.jpg,antelope
01949.jpg,seal
00666.jpg,ox
00425.jpg,mouse
02442.jpg,raccoon
02883.jpg,leopard
02070.jpg,chihuahua
00655.jpg,elephant
01187.jpg,mouse
00110.jpg,wolf
01836.jpg,spider+monkey
01231.jpg,hippopotamus
00220.jpg,cow
01058.jpg,mouse
00780.jpg,rat
02126.jpg,hamster
02339.jpg,beaver
02140.jpg,spider+monkey
00730.jpg,buffalo
02569.jpg,grizzly+bear
00817.jpg,german+shepherd
02603.jpg,cow
00906.jpg,bat
02473.jpg,hippopotamus
01856.jpg,buffalo
02317.jpg,otter
02148.jpg,polar+bear
00331.jpg,grizzly+bear
00514.jpg,spider+monkey
02494.jpg,siamese+cat
02210.jpg,seal
00014.jpg,persian+cat
00105.jpg,antelope
01837.jpg,zebra
00833.jpg,deer
02899.jpg,spider+monkey
02927.jpg,raccoon
00095.jpg,buffalo
01246.jpg,leopard
01020.jpg,grizzly+bear
00996.jpg,mouse
01084.jpg,rat
02015.jpg,beaver
01696.jpg,blue+whale
00954.jpg,chihuahua
01486.jpg,dalmatian
01100.jpg,dalmatian
00279.jpg,rat
01171.jpg,wolf
02006.jpg,dalmatian
01431.jpg,seal
01588.jpg,walrus
00309.jpg,spider+monkey
02777.jpg,beaver
00407.jpg,dalmatian
02801.jpg,chihuahua
00462.jpg,cow
02365.jpg,seal
02882.jpg,weasel
02456.jpg,hamster
00739.jpg,mouse
00246.jpg,german+shepherd
01913.jpg,leopard
01352.jpg,antelope
01273.jpg,raccoon
01695.jpg,seal
02780.jpg,weasel
01519.jpg,grizzly+bear
01002.jpg,spider+monkey
01874.jpg,dalmatian
00064.jpg,chihuahua
01539.jpg,spider+monkey
02700.jpg,bat
00259.jpg,tiger
00144.jpg,german+shepherd
00881.jpg,hamster
00042.jpg,seal
00268.jpg,cow
02822.jpg,mouse
02744.jpg,pig
00951.jpg,giant+panda
00564.jpg,spider+monkey
01852.jpg,polar+bear
02389.jpg,otter
00561.jpg,deer
02588.jpg,seal
00418.jpg,tiger
02424.jpg,wolf
01288.jpg,wolf
00060.jpg,bobcat
00507.jpg,siamese+cat
01689.jpg,spider+monkey
02727.jpg,humpback+whale
00925.jpg,spider+monkey
01602.jpg,humpback+whale
02259.jpg,zebra
02799.jpg,spider+monkey
01259.jpg,german+shepherd
01319.jpg,chihuahua
01522.jpg,grizzly+bear
00273.jpg,pig
02335.jpg,grizzly+bear
01227.jpg,weasel
01164.jpg,rat
01629.jpg,pig
00869.jpg,persian+cat
02488.jpg,bobcat
02143.jpg,siamese+cat
02595.jpg,mole
01159.jpg,walrus
00855.jpg,mole
02667.jpg,grizzly+bear
00298.jpg,ox
00189.jpg,humpback+whale
02369.jpg,hippopotamus
01558.jpg,walrus
01593.jpg,lion
00813.jpg,pig
01395.jpg,bobcat
00166.jpg,antelope
01411.jpg,blue+whale
02380.jpg,zebra
01800.jpg,deer
02706.jpg,dolphin
00804.jpg,elephant
02157.jpg,elephant
02404.jpg,rat
02125.jpg,blue+whale
01186.jpg,otter
00106.jpg,ox
00089.jpg,antelope
00805.jpg,antelope
01859.jpg,deer
00781.jpg,spider+monkey
01995.jpg,persian+cat
02062.jpg,wolf
00727.jpg,beaver
00756.jpg,elephant
01386.jpg,spider+monkey
00506.jpg,hippopotamus
02000.jpg,siamese+cat
01422.jpg,cow
02268.jpg,grizzly+bear
02950.jpg,chihuahua
01986.jpg,wolf
02091.jpg,rat
01724.jpg,spider+monkey
00019.jpg,cow
02847.jpg,dolphin
02495.jpg,bat
00959.jpg,wolf
01125.jpg,dolphin
02165.jpg,mouse
02790.jpg,walrus
00347.jpg,pig
02053.jpg,german+shepherd
02217.jpg,dalmatian
01851.jpg,pig
01299.jpg,antelope
01270.jpg,wolf
02711.jpg,deer
02516.jpg,siamese+cat
00334.jpg,raccoon
02443.jpg,wolf
00856.jpg,rat
02800.jpg,german+shepherd
01091.jpg,wolf
00303.jpg,persian+cat
02921.jpg,raccoon
02133.jpg,spider+monkey
01199.jpg,mole
02908.jpg,lion
01638.jpg,grizzly+bear
02186.jpg,polar+bear
01819.jpg,pig
00255.jpg,persian+cat
00029.jpg,spider+monkey
00705.jpg,spider+monkey
01062.jpg,rat
00522.jpg,blue+whale
00971.jpg,elephant
01464.jpg,beaver
00158.jpg,wolf
01167.jpg,cow
01140.jpg,persian+cat
01621.jpg,killer+whale
01585.jpg,wolf
01660.jpg,mouse
02671.jpg,hippopotamus
00467.jpg,mole
02819.jpg,killer+whale
01758.jpg,walrus
01314.jpg,elephant
01147.jpg,bat
01053.jpg,deer
00815.jpg,raccoon
00021.jpg,tiger
00181.jpg,deer
02416.jpg,cow
00194.jpg,mole
02187.jpg,pig
01169.jpg,grizzly+bear
01353.jpg,siamese+cat
00185.jpg,spider+monkey
01979.jpg,german+shepherd
02636.jpg,elephant
02889.jpg,deer
02653.jpg,spider+monkey
02517.jpg,ox
00489.jpg,german+shepherd
02988.jpg,pig
02067.jpg,weasel
02594.jpg,grizzly+bear
02647.jpg,rat
00341.jpg,rat
02945.jpg,elephant
02001.jpg,dolphin
02499.jpg,german+shepherd
01063.jpg,walrus
01665.jpg,bat
00810.jpg,german+shepherd
01130.jpg,otter
00646.jpg,seal
02316.jpg,dalmatian
01271.jpg,giant+panda
02748.jpg,humpback+whale
01962.jpg,rat
01562.jpg,spider+monkey
01494.jpg,bat
00463.jpg,raccoon
00649.jpg,hippopotamus
01433.jpg,rat
01818.jpg,bat
01555.jpg,tiger
00499.jpg,antelope
02751.jpg,elephant
02961.jpg,skunk
02909.jpg,buffalo
02116.jpg,blue+whale
01548.jpg,wolf
02885.jpg,deer
00692.jpg,deer
00963.jpg,giant+panda
01744.jpg,lion
01722.jpg,deer
00654.jpg,grizzly+bear
02387.jpg,spider+monkey
00956.jpg,walrus
00482.jpg,deer
02160.jpg,deer
02508.jpg,pig
02969.jpg,mouse
02253.jpg,giant+panda
01247.jpg,elephant
02042.jpg,chihuahua
02181.jpg,ox
00721.jpg,bat
00388.jpg,mouse
01321.jpg,ox
02601.jpg,giant+panda
01330.jpg,otter
00007.jpg,german+shepherd
00682.jpg,deer
00990.jpg,spider+monkey
00342.jpg,giant+panda
01188.jpg,chihuahua
01582.jpg,deer
00914.jpg,bat
00903.jpg,wolf
01659.jpg,deer
03000.jpg,skunk
01245.jpg,rat
00806.jpg,otter
02173.jpg,zebra
02589.jpg,wolf
01263.jpg,deer
01024.jpg,german+shepherd
01726.jpg,deer
01803.jpg,zebra
01598.jpg,spider+monkey
00305.jpg,hamster
00648.jpg,cow
00985.jpg,tiger
01993.jpg,buffalo
02383.jpg,spider+monkey
02455.jpg,german+shepherd
00294.jpg,chihuahua
00777.jpg,grizzly+bear
02466.jpg,elephant
00517.jpg,cow
00935.jpg,buffalo
01126.jpg,bat
00150.jpg,bat
00913.jpg,deer
01389.jpg,cow
02542.jpg,weasel
00385.jpg,spider+monkey
01475.jpg,buffalo
01425.jpg,giraffe
00466.jpg,pig
01419.jpg,elephant
00033.jpg,persian+cat
02235.jpg,deer
01866.jpg,lion
02537.jpg,spider+monkey
02192.jpg,ox
01138.jpg,pig
02103.jpg,elephant
00027.jpg,weasel
01642.jpg,deer
02507.jpg,wolf
01945.jpg,tiger
00456.jpg,spider+monkey
00394.jpg,deer
01110.jpg,spider+monkey
02509.jpg,german+shepherd
01462.jpg,giraffe
02385.jpg,mole
01693.jpg,rat
00165.jpg,polar+bear
01337.jpg,seal
01748.jpg,spider+monkey
00006.jpg,persian+cat
02285.jpg,raccoon
01534.jpg,hippopotamus
02769.jpg,bat
00300.jpg,leopard
02555.jpg,siamese+cat
01165.jpg,weasel
02388.jpg,cow
00886.jpg,siamese+cat
02438.jpg,chihuahua
01059.jpg,chihuahua
02794.jpg,wolf
02654.jpg,leopard
01867.jpg,spider+monkey
00632.jpg,cow
00551.jpg,wolf
01401.jpg,cow
02061.jpg,spider+monkey
00601.jpg,deer
02703.jpg,spider+monkey
01649.jpg,cow
02041.jpg,cow
02249.jpg,mouse
02902.jpg,walrus
01346.jpg,ox
00495.jpg,otter
02373.jpg,mouse
02134.jpg,cow
01042.jpg,elephant
02398.jpg,antelope
01917.jpg,beaver
01437.jpg,mouse
02795.jpg,pig
01248.jpg,elephant
00217.jpg,spider+monkey
02337.jpg,ox
00183.jpg,zebra
01877.jpg,spider+monkey
01916.jpg,weasel
02685.jpg,german+shepherd
00288.jpg,zebra
01793.jpg,persian+cat
01880.jpg,blue+whale
01528.jpg,rat
02330.jpg,lion
00611.jpg,deer
00819.jpg,spider+monkey
02678.jpg,lion
01853.jpg,buffalo
02538.jpg,pig
01121.jpg,tiger
00894.jpg,mouse
02434.jpg,cow
01181.jpg,ox
02368.jpg,buffalo
02859.jpg,rat
01232.jpg,polar+bear
01755.jpg,rat
02471.jpg,rat
02860.jpg,cow
01327.jpg,tiger
00635.jpg,bat
01221.jpg,mouse
01331.jpg,antelope
02721.jpg,lion
02340.jpg,chihuahua
02707.jpg,mouse
01414.jpg,hippopotamus
02625.jpg,walrus
01478.jpg,mouse
02029.jpg,antelope
00430.jpg,weasel
00671.jpg,leopard
02568.jpg,mole
01375.jpg,humpback+whale
00973.jpg,elephant
00339.jpg,spider+monkey
02162.jpg,skunk
01666.jpg,persian+cat
00011.jpg,spider+monkey
01802.jpg,antelope
00636.jpg,seal
01134.jpg,seal
02441.jpg,otter
02759.jpg,cow
02637.jpg,german+shepherd
00952.jpg,chihuahua
01578.jpg,dolphin
02031.jpg,cow
00065.jpg,weasel
02549.jpg,siamese+cat
02166.jpg,otter
02451.jpg,bat
00615.jpg,buffalo
02680.jpg,german+shepherd
00059.jpg,humpback+whale
02299.jpg,german+shepherd
02734.jpg,bobcat
02623.jpg,elephant
00384.jpg,dolphin
01607.jpg,raccoon
00722.jpg,deer
00372.jpg,german+shepherd
02563.jpg,otter
00683.jpg,skunk
01037.jpg,raccoon
00171.jpg,raccoon
00679.jpg,spider+monkey
02591.jpg,lion
00702.jpg,lion
01369.jpg,tiger
01255.jpg,pig
00609.jpg,leopard
01008.jpg,walrus
01409.jpg,blue+whale
01784.jpg,beaver
02225.jpg,otter
00242.jpg,weasel
00415.jpg,walrus
02231.jpg,spider+monkey
00628.jpg,siamese+cat
02803.jpg,polar+bear
00402.jpg,spider+monkey
01508.jpg,rat
00159.jpg,tiger
01787.jpg,chihuahua
02635.jpg,tiger
01371.jpg,elephant
01198.jpg,zebra
02436.jpg,persian+cat
00156.jpg,humpback+whale
02236.jpg,spider+monkey
01219.jpg,giraffe
00176.jpg,ox
00008.jpg,cow
00486.jpg,german+shepherd
02425.jpg,deer
00569.jpg,spider+monkey
02282.jpg,dalmatian
02554.jpg,killer+whale
02543.jpg,mole
02520.jpg,rat
02344.jpg,raccoon
01737.jpg,elephant
00343.jpg,hippopotamus
02743.jpg,mouse
01310.jpg,spider+monkey
02158.jpg,elephant
02182.jpg,bobcat
01204.jpg,grizzly+bear
02826.jpg,chihuahua
00627.jpg,ox
00104.jpg,tiger
01372.jpg,raccoon
01143.jpg,mouse
02788.jpg,spider+monkey
00471.jpg,bobcat
00500.jpg,chihuahua
00696.jpg,grizzly+bear
00521.jpg,hippopotamus
00639.jpg,german+shepherd
01639.jpg,wolf
00775.jpg,chihuahua
00173.jpg,otter
00734.jpg,elephant
02459.jpg,spider+monkey
01556.jpg,cow
00416.jpg,leopard
01296.jpg,elephant
02943.jpg,humpback+whale
01280.jpg,blue+whale
00643.jpg,rat
02415.jpg,rat
01252.jpg,dolphin
01824.jpg,cow
01128.jpg,elephant
02297.jpg,elephant
02144.jpg,buffalo
00258.jpg,wolf
00940.jpg,chihuahua
00619.jpg,hippopotamus
02059.jpg,spider+monkey
01345.jpg,mole
02620.jpg,otter
00545.jpg,spider+monkey
02040.jpg,skunk
01362.jpg,german+shepherd
02227.jpg,elephant
02665.jpg,pig
01031.jpg,giraffe
01480.jpg,spider+monkey
00378.jpg,elephant
00834.jpg,elephant
02245.jpg,lion
01794.jpg,pig
00476.jpg,polar+bear
02429.jpg,dalmatian
00542.jpg,bat
01745.jpg,spider+monkey
01907.jpg,elephant
00901.jpg,humpback+whale
02073.jpg,humpback+whale
01320.jpg,pig
01975.jpg,spider+monkey
01839.jpg,hamster
00201.jpg,buffalo
02633.jpg,spider+monkey
01089.jpg,weasel
01382.jpg,spider+monkey
01116.jpg,deer
00926.jpg,lion
02305.jpg,hippopotamus
00249.jpg,spider+monkey
00790.jpg,grizzly+bear
00043.jpg,dalmatian
00993.jpg,pig
01364.jpg,ox
02663.jpg,spider+monkey
02832.jpg,pig
02255.jpg,killer+whale
02853.jpg,hippopotamus
02740.jpg,chihuahua
01465.jpg,seal
01565.jpg,cow
01965.jpg,antelope
00762.jpg,ox
01883.jpg,rat
00440.jpg,spider+monkey
02019.jpg,killer+whale
00700.jpg,beaver
01652.jpg,bobcat
00122.jpg,german+shepherd
02876.jpg,weasel
01235.jpg,wolf
00057.jpg,spider+monkey
00427.jpg,lion
02581.jpg,skunk
00593.jpg,ox
00086.jpg,deer
02501.jpg,dalmatian
00238.jpg,pig
01881.jpg,cow
02314.jpg,bobcat
01897.jpg,cow
01902.jpg,ox
01493.jpg,buffalo
01820.jpg,bobcat
01505.jpg,zebra
02171.jpg,elephant
00291.jpg,cow
00325.jpg,wolf
00796.jpg,dolphin
01705.jpg,pig
00844.jpg,mouse
02710.jpg,spider+monkey
01885.jpg,walrus
01500.jpg,beaver
01261.jpg,grizzly+bear
01256.jpg,wolf
01388.jpg,mouse
02110.jpg,pig
02968.jpg,zebra
02489.jpg,tiger
02836.jpg,hamster
02778.jpg,deer
02716.jpg,skunk
02290.jpg,pig
02050.jpg,giant+panda
01761.jpg,giraffe
00422.jpg,spider+monkey
02463.jpg,persian+cat
01626.jpg,killer+whale
00585.jpg,persian+cat
00848.jpg,chihuahua
00187.jpg,leopard
01764.jpg,skunk
00801.jpg,leopard
00570.jpg,hamster
00435.jpg,raccoon
01049.jpg,zebra
02480.jpg,elephant
02153.jpg,chihuahua
00044.jpg,mouse
00997.jpg,cow
02069.jpg,otter
02127.jpg,raccoon
01870.jpg,polar+bear
01873.jpg,seal
00710.jpg,hippopotamus
01339.jpg,weasel
00090.jpg,pig
02747.jpg,cow
02161.jpg,wolf
01572.jpg,skunk
01077.jpg,wolf
01122.jpg,mole
00868.jpg,cow
02532.jpg,hippopotamus
02609.jpg,giraffe
02496.jpg,buffalo
00477.jpg,hamster
00977.jpg,antelope
02854.jpg,hippopotamus
01403.jpg,otter
00597.jpg,beaver
02579.jpg,hippopotamus
00097.jpg,leopard
02071.jpg,otter
01022.jpg,raccoon
00867.jpg,mouse
00197.jpg,polar+bear
01457.jpg,deer
00403.jpg,cow
00162.jpg,spider+monkey
00409.jpg,skunk
01292.jpg,mouse
01911.jpg,deer
02643.jpg,wolf
01366.jpg,elephant
01620.jpg,buffalo
02449.jpg,elephant
01790.jpg,giraffe
01012.jpg,buffalo
02641.jpg,spider+monkey
01027.jpg,deer
00274.jpg,raccoon
01988.jpg,raccoon
00441.jpg,weasel
02228.jpg,rat
00535.jpg,weasel
00929.jpg,ox
00749.jpg,mouse
00208.jpg,otter
01104.jpg,polar+bear
01752.jpg,spider+monkey
01946.jpg,chihuahua
00562.jpg,dolphin
02355.jpg,polar+bear
02970.jpg,deer
00828.jpg,lion
02992.jpg,deer
01822.jpg,spider+monkey
01023.jpg,dalmatian
00839.jpg,elephant
02326.jpg,spider+monkey
02557.jpg,giant+panda
02674.jpg,spider+monkey
00715.jpg,wolf
02251.jpg,blue+whale
01257.jpg,spider+monkey
01936.jpg,blue+whale
01623.jpg,ox
01714.jpg,humpback+whale
02093.jpg,seal
02362.jpg,cow
02343.jpg,walrus
01704.jpg,bobcat
00421.jpg,bat
02593.jpg,wolf
01732.jpg,bobcat
01804.jpg,mouse
00662.jpg,dolphin
02087.jpg,deer
02170.jpg,elephant
00473.jpg,cow
02713.jpg,mouse
02122.jpg,mouse
02081.jpg,raccoon
02763.jpg,rat
02951.jpg,ox
02935.jpg,skunk
01430.jpg,chihuahua
02487.jpg,spider+monkey
02524.jpg,pig
02180.jpg,raccoon
02878.jpg,lion
01641.jpg,ox
02444.jpg,giant+panda
01344.jpg,chihuahua
00861.jpg,wolf
02332.jpg,spider+monkey
02447.jpg,raccoon
00229.jpg,hamster
02695.jpg,rat
01780.jpg,giraffe
01251.jpg,dalmatian
02717.jpg,cow
02138.jpg,polar+bear
01844.jpg,hamster
01142.jpg,zebra
02536.jpg,pig
01107.jpg,chihuahua
02155.jpg,walrus
00501.jpg,elephant
00820.jpg,pig
00640.jpg,mouse
02838.jpg,skunk
02785.jpg,spider+monkey
02749.jpg,antelope
01040.jpg,persian+cat
02562.jpg,rat
01772.jpg,cow
01453.jpg,elephant
00293.jpg,spider+monkey
00994.jpg,rat
02753.jpg,rat
00955.jpg,walrus
02306.jpg,killer+whale
02072.jpg,raccoon
00684.jpg,wolf
01101.jpg,buffalo
02304.jpg,spider+monkey
02092.jpg,raccoon
00829.jpg,siamese+cat
00964.jpg,giraffe
00120.jpg,bat
00949.jpg,german+shepherd
01691.jpg,dalmatian
00548.jpg,giant+panda
00724.jpg,buffalo
02038.jpg,raccoon
02503.jpg,pig
02026.jpg,elephant
01707.jpg,humpback+whale
01216.jpg,german+shepherd
01826.jpg,seal
01253.jpg,weasel
01148.jpg,antelope
00251.jpg,cow
00154.jpg,dolphin
02381.jpg,elephant
01952.jpg,killer+whale
01968.jpg,pig
02014.jpg,elephant
00525.jpg,hamster
02560.jpg,zebra
00214.jpg,weasel
01192.jpg,killer+whale
01702.jpg,raccoon
00245.jpg,lion
00732.jpg,german+shepherd
02379.jpg,german+shepherd
00563.jpg,spider+monkey
02386.jpg,beaver
00250.jpg,ox
00527.jpg,pig
01392.jpg,deer
02086.jpg,skunk
00140.jpg,elephant
00553.jpg,humpback+whale
00800.jpg,rat
00677.jpg,spider+monkey
02862.jpg,elephant
00761.jpg,humpback+whale
00602.jpg,otter
01262.jpg,mole
02958.jpg,pig
00263.jpg,tiger
00574.jpg,rat
00690.jpg,elephant
02492.jpg,wolf
02690.jpg,tiger
02741.jpg,elephant
01688.jpg,zebra
01891.jpg,hippopotamus
01690.jpg,deer
00578.jpg,otter
01910.jpg,mouse
02152.jpg,humpback+whale
02877.jpg,spider+monkey
00145.jpg,buffalo
00001.jpg,rat
01579.jpg,tiger
02617.jpg,rat
00472.jpg,zebra
02135.jpg,cow
02433.jpg,ox
00751.jpg,weasel
00127.jpg,antelope
00479.jpg,german+shepherd
01865.jpg,persian+cat
01581.jpg,beaver
00417.jpg,mouse
00077.jpg,german+shepherd
02942.jpg,pig
00355.jpg,deer
00510.jpg,grizzly+bear
00045.jpg,cow
02699.jpg,mouse
01687.jpg,rat
02190.jpg,walrus
01501.jpg,leopard
02782.jpg,cow
00930.jpg,rat
00895.jpg,seal
02391.jpg,zebra
02402.jpg,rat
02789.jpg,wolf
02985.jpg,rat
00071.jpg,ox
01064.jpg,hippopotamus
02566.jpg,dalmatian
02302.jpg,otter
00697.jpg,raccoon
02497.jpg,hamster
00773.jpg,siamese+cat
01635.jpg,wolf
02010.jpg,bat
02604.jpg,beaver
01428.jpg,zebra
01229.jpg,beaver
00642.jpg,weasel
00686.jpg,elephant
02017.jpg,polar+bear
00398.jpg,zebra
01834.jpg,humpback+whale
02068.jpg,antelope
02376.jpg,german+shepherd
01675.jpg,german+shepherd
02952.jpg,spider+monkey
01452.jpg,elephant
00163.jpg,humpback+whale
02875.jpg,spider+monkey
00693.jpg,giant+panda
02047.jpg,grizzly+bear
01791.jpg,polar+bear
00931.jpg,killer+whale
02506.jpg,elephant
00859.jpg,otter
02704.jpg,otter
00718.jpg,weasel
01443.jpg,mouse
01661.jpg,cow
01365.jpg,dolphin
00862.jpg,buffalo
00975.jpg,cow
02370.jpg,otter
01926.jpg,bat
00200.jpg,rat
02752.jpg,antelope
02203.jpg,persian+cat
02296.jpg,cow
00575.jpg,mouse
02223.jpg,german+shepherd
00536.jpg,hippopotamus
02080.jpg,lion
02576.jpg,siamese+cat
02815.jpg,lion
00480.jpg,weasel
01108.jpg,persian+cat
00012.jpg,pig
00125.jpg,giant+panda
00149.jpg,elephant
00891.jpg,deer
00991.jpg,pig
01014.jpg,antelope
00373.jpg,deer
01334.jpg,spider+monkey
00053.jpg,bat
02940.jpg,german+shepherd
01841.jpg,lion
00688.jpg,chihuahua
02453.jpg,buffalo
00058.jpg,blue+whale
02258.jpg,mouse
02986.jpg,antelope
00821.jpg,persian+cat
02393.jpg,spider+monkey
02709.jpg,german+shepherd
00352.jpg,pig
01011.jpg,chihuahua
01405.jpg,wolf
02211.jpg,mouse
02596.jpg,mouse
00546.jpg,cow
01348.jpg,dolphin
00588.jpg,bat
01604.jpg,deer
00080.jpg,beaver
01595.jpg,leopard
01333.jpg,hippopotamus
01527.jpg,deer
01258.jpg,chihuahua
01798.jpg,otter
01052.jpg,tiger
02901.jpg,spider+monkey
02486.jpg,raccoon
01788.jpg,lion
01991.jpg,cow
02267.jpg,chihuahua
00449.jpg,chihuahua
01356.jpg,giant+panda
01733.jpg,german+shepherd
00957.jpg,weasel
01546.jpg,humpback+whale
01977.jpg,pig
01806.jpg,antelope
02241.jpg,bobcat
02022.jpg,cow
00638.jpg,grizzly+bear
01075.jpg,bat
02754.jpg,ox
00383.jpg,giraffe
02023.jpg,spider+monkey
01967.jpg,mouse
00267.jpg,mole
01807.jpg,deer
01515.jpg,tiger
01474.jpg,walrus
00538.jpg,killer+whale
00365.jpg,raccoon
00544.jpg,antelope
01622.jpg,chihuahua
00742.jpg,zebra
02869.jpg,deer
00741.jpg,persian+cat
00960.jpg,spider+monkey
01869.jpg,spider+monkey
00212.jpg,weasel
00121.jpg,humpback+whale
02107.jpg,deer
00126.jpg,grizzly+bear
02821.jpg,polar+bear
02246.jpg,blue+whale
00807.jpg,german+shepherd
01717.jpg,deer
01608.jpg,spider+monkey
00586.jpg,walrus
01200.jpg,polar+bear
01636.jpg,cow
01829.jpg,ox
00928.jpg,skunk
01735.jpg,beaver
00613.jpg,lion
00243.jpg,elephant
01756.jpg,hippopotamus
01341.jpg,skunk
01843.jpg,spider+monkey
02035.jpg,rat
00438.jpg,pig
02657.jpg,giant+panda
01889.jpg,dalmatian
01054.jpg,tiger
02294.jpg,spider+monkey
02612.jpg,cow
00282.jpg,humpback+whale
01647.jpg,raccoon
02732.jpg,rat
00151.jpg,mole
02755.jpg,hippopotamus
00469.jpg,cow
02622.jpg,spider+monkey
01825.jpg,blue+whale
01294.jpg,skunk
01398.jpg,bobcat
00202.jpg,spider+monkey
02905.jpg,beaver
02971.jpg,chihuahua
00231.jpg,seal
01072.jpg,weasel
00289.jpg,cow
00712.jpg,spider+monkey
01254.jpg,grizzly+bear
00406.jpg,grizzly+bear
02271.jpg,chihuahua
00703.jpg,spider+monkey
00713.jpg,leopard
01363.jpg,mouse
02946.jpg,weasel
00572.jpg,grizzly+bear
01563.jpg,humpback+whale
02195.jpg,elephant
00827.jpg,polar+bear
02060.jpg,german+shepherd
00426.jpg,raccoon
00286.jpg,mouse
02786.jpg,chihuahua
01814.jpg,blue+whale
00063.jpg,bobcat
00048.jpg,beaver
00830.jpg,wolf
01355.jpg,mouse
00933.jpg,weasel
02664.jpg,bobcat
02513.jpg,seal
01882.jpg,mouse
00146.jpg,zebra
00461.jpg,ox
02363.jpg,mouse
00205.jpg,rat
01036.jpg,spider+monkey
02886.jpg,walrus
00211.jpg,siamese+cat
02802.jpg,mouse
01183.jpg,bobcat
00124.jpg,pig
00336.jpg,pig
01240.jpg,ox
01716.jpg,weasel
02108.jpg,pig
02742.jpg,otter
01609.jpg,spider+monkey
02893.jpg,spider+monkey
02318.jpg,buffalo
02534.jpg,cow
02334.jpg,buffalo
00025.jpg,spider+monkey
02839.jpg,pig
02522.jpg,lion
01087.jpg,humpback+whale
02359.jpg,dalmatian
01265.jpg,raccoon
02479.jpg,hippopotamus
00113.jpg,wolf
01046.jpg,walrus
02248.jpg,pig
02736.jpg,walrus
00492.jpg,hippopotamus
01281.jpg,bobcat
01096.jpg,spider+monkey
02773.jpg,skunk
02467.jpg,deer
02737.jpg,tiger
00483.jpg,spider+monkey
02572.jpg,zebra
01633.jpg,cow
01162.jpg,cow
02169.jpg,cow
01553.jpg,antelope
00157.jpg,weasel
01526.jpg,mouse
00752.jpg,rat
00272.jpg,elephant
02632.jpg,mouse
01350.jpg,german+shepherd
01523.jpg,weasel
02462.jpg,deer
01315.jpg,spider+monkey
01450.jpg,german+shepherd
02720.jpg,lion
01813.jpg,spider+monkey
00488.jpg,dalmatian
00464.jpg,lion
00103.jpg,spider+monkey
02372.jpg,pig
01272.jpg,german+shepherd
01492.jpg,lion
00600.jpg,elephant
00494.jpg,rat
00437.jpg,siamese+cat
01435.jpg,deer
01845.jpg,walrus
02199.jpg,buffalo
00911.jpg,giant+panda
02139.jpg,polar+bear
02100.jpg,mouse
02874.jpg,buffalo
01144.jpg,spider+monkey
02915.jpg,deer
01896.jpg,rat
02320.jpg,spider+monkey
01931.jpg,spider+monkey
01605.jpg,seal
01989.jpg,cow
00271.jpg,deer
00841.jpg,polar+bear
02980.jpg,mouse
00885.jpg,giraffe
00731.jpg,dalmatian
00013.jpg,mouse
01573.jpg,rat
01915.jpg,german+shepherd
02193.jpg,grizzly+bear
01644.jpg,mouse
02726.jpg,mole
01966.jpg,cow
00849.jpg,spider+monkey
02619.jpg,spider+monkey
01484.jpg,beaver
01543.jpg,german+shepherd
01610.jpg,hippopotamus
01290.jpg,cow
01013.jpg,beaver
01514.jpg,spider+monkey
00637.jpg,cow
01244.jpg,spider+monkey
01712.jpg,skunk
00170.jpg,chihuahua
02963.jpg,mouse
01090.jpg,spider+monkey
02394.jpg,pig
01961.jpg,spider+monkey
02321.jpg,tiger
01381.jpg,deer
01842.jpg,pig
01944.jpg,wolf
02088.jpg,killer+whale
00395.jpg,german+shepherd
00656.jpg,spider+monkey
01940.jpg,otter
00100.jpg,weasel
00128.jpg,mouse
00206.jpg,pig
00623.jpg,rat
00766.jpg,persian+cat
00908.jpg,lion
01112.jpg,deer
01295.jpg,cow
02904.jpg,deer
02846.jpg,german+shepherd
00865.jpg,polar+bear
00840.jpg,cow
02659.jpg,mouse
00621.jpg,spider+monkey
00509.jpg,wolf
01984.jpg,weasel
00391.jpg,spider+monkey
01079.jpg,rat
01028.jpg,persian+cat
01469.jpg,mole
02745.jpg,beaver
01887.jpg,weasel
01074.jpg,elephant
00559.jpg,bobcat
02502.jpg,rat
02221.jpg,spider+monkey
01506.jpg,chihuahua
01970.jpg,humpback+whale
02607.jpg,elephant
01630.jpg,dolphin
02624.jpg,dolphin
00978.jpg,deer
01920.jpg,polar+bear
00882.jpg,chihuahua
02013.jpg,deer
02478.jpg,german+shepherd
02382.jpg,spider+monkey
02410.jpg,mouse
02413.jpg,antelope
01746.jpg,raccoon
00904.jpg,bobcat
02075.jpg,mole
02204.jpg,cow
01402.jpg,leopard
02149.jpg,beaver
00186.jpg,hamster
00793.jpg,mouse
01812.jpg,elephant
02216.jpg,mouse
00405.jpg,grizzly+bear
00321.jpg,dolphin
00832.jpg,wolf
02529.jpg,spider+monkey
02896.jpg,lion
01282.jpg,dolphin
00301.jpg,elephant
00723.jpg,killer+whale
00376.jpg,cow
02887.jpg,mouse
02652.jpg,buffalo
00920.jpg,weasel
00567.jpg,ox
01434.jpg,hippopotamus
01599.jpg,spider+monkey
00306.jpg,giant+panda
02250.jpg,pig
01721.jpg,mole
00528.jpg,giraffe
01664.jpg,elephant
00799.jpg,hippopotamus
02301.jpg,ox
00192.jpg,bat
01032.jpg,raccoon
02725.jpg,skunk
02461.jpg,dolphin
02412.jpg,polar+bear
00982.jpg,deer
01034.jpg,pig
00360.jpg,antelope
00203.jpg,bat
01019.jpg,bobcat
00825.jpg,pig
02884.jpg,cow
01129.jpg,blue+whale
00529.jpg,grizzly+bear
00630.jpg,seal
01213.jpg,deer
02863.jpg,mole
01323.jpg,cow
01393.jpg,giant+panda
02044.jpg,siamese+cat
01700.jpg,humpback+whale
00047.jpg,mouse
02672.jpg,killer+whale
00248.jpg,dolphin
00017.jpg,weasel
00265.jpg,siamese+cat
01308.jpg,bat
02377.jpg,antelope
01424.jpg,cow
02097.jpg,chihuahua
00354.jpg,weasel
00344.jpg,grizzly+bear
02558.jpg,mouse
00310.jpg,leopard
02482.jpg,antelope
01658.jpg,pig
00576.jpg,deer
02032.jpg,wolf
01304.jpg,deer
02966.jpg,mouse
01207.jpg,deer
00115.jpg,hippopotamus
02772.jpg,spider+monkey
01903.jpg,giraffe
01317.jpg,lion
01243.jpg,chihuahua
01679.jpg,mouse
02043.jpg,cow
00809.jpg,cow
02018.jpg,buffalo
01115.jpg,spider+monkey
02261.jpg,elephant
01974.jpg,buffalo
02128.jpg,spider+monkey
02364.jpg,cow
01390.jpg,chihuahua
00889.jpg,hippopotamus
01587.jpg,mouse
01725.jpg,mouse
00652.jpg,persian+cat
02378.jpg,antelope
00941.jpg,cow
01461.jpg,walrus
02446.jpg,giant+panda
02357.jpg,pig
02540.jpg,spider+monkey
02202.jpg,wolf
02142.jpg,zebra
02976.jpg,seal
01206.jpg,mole
02146.jpg,rat
02642.jpg,pig
02550.jpg,pig
02008.jpg,pig
00979.jpg,wolf
00490.jpg,siamese+cat
02994.jpg,antelope
01715.jpg,blue+whale
02891.jpg,pig
00918.jpg,bat
00204.jpg,deer
00792.jpg,cow
01083.jpg,spider+monkey
02063.jpg,bat
00698.jpg,killer+whale
00148.jpg,lion
02845.jpg,humpback+whale
00131.jpg,polar+bear
02484.jpg,spider+monkey
02460.jpg,rat
02348.jpg,german+shepherd
02315.jpg,raccoon
01929.jpg,grizzly+bear
02511.jpg,german+shepherd
02565.jpg,german+shepherd
01731.jpg,otter
01047.jpg,zebra
02941.jpg,spider+monkey
01503.jpg,deer
02613.jpg,cow
00261.jpg,persian+cat
01956.jpg,cow
01168.jpg,dolphin
01895.jpg,chihuahua
01781.jpg,beaver
00779.jpg,deer
01056.jpg,persian+cat
02222.jpg,buffalo
00744.jpg,humpback+whale
02111.jpg,pig
00582.jpg,persian+cat
00989.jpg,beaver
02733.jpg,elephant
00224.jpg,deer
00599.jpg,elephant
01871.jpg,mole
02423.jpg,hamster
00518.jpg,chihuahua
02527.jpg,spider+monkey
02930.jpg,grizzly+bear
02578.jpg,persian+cat
00537.jpg,rat
01033.jpg,rat
00714.jpg,buffalo
02910.jpg,giraffe
00651.jpg,mouse
01066.jpg,walrus
01663.jpg,weasel
01518.jpg,skunk
02689.jpg,cow
01950.jpg,pig
00010.jpg,lion
01890.jpg,zebra
00778.jpg,spider+monkey
00877.jpg,spider+monkey
02903.jpg,blue+whale
00826.jpg,hamster
02347.jpg,siamese+cat
02468.jpg,seal
02264.jpg,chihuahua
02356.jpg,german+shepherd
01969.jpg,persian+cat
02419.jpg,skunk
01703.jpg,rat
02561.jpg,pig
02892.jpg,mouse
02519.jpg,weasel
01669.jpg,spider+monkey
02324.jpg,spider+monkey
02768.jpg,wolf
00558.jpg,spider+monkey
02616.jpg,pig
02890.jpg,grizzly+bear
02123.jpg,blue+whale
01879.jpg,chihuahua
00738.jpg,rat
02598.jpg,zebra
01840.jpg,giraffe
01249.jpg,deer
01446.jpg,pig
01098.jpg,pig
01960.jpg,deer
02650.jpg,pig
02287.jpg,otter
00412.jpg,cow
01177.jpg,elephant
01808.jpg,spider+monkey
02262.jpg,deer
01982.jpg,elephant
01335.jpg,dalmatian
00962.jpg,polar+bear
02028.jpg,tiger
00434.jpg,killer+whale
00837.jpg,pig
01954.jpg,spider+monkey
00302.jpg,polar+bear
01153.jpg,dalmatian
02702.jpg,bobcat
00481.jpg,persian+cat
00824.jpg,wolf
00670.jpg,walrus
01043.jpg,zebra
01656.jpg,pig
00323.jpg,spider+monkey
00036.jpg,bat
00664.jpg,polar+bear
01951.jpg,pig
01302.jpg,german+shepherd
00230.jpg,blue+whale
00404.jpg,ox
02539.jpg,german+shepherd
00966.jpg,bobcat
02408.jpg,chihuahua
01010.jpg,weasel
00864.jpg,rat
01831.jpg,spider+monkey
00711.jpg,blue+whale
00981.jpg,pig
00668.jpg,pig
02996.jpg,antelope
02916.jpg,mouse
01753.jpg,rat
00370.jpg,siamese+cat
00085.jpg,ox
00153.jpg,cow
02102.jpg,spider+monkey
01561.jpg,pig
00540.jpg,weasel
01454.jpg,pig
01442.jpg,rat
01795.jpg,giraffe
00923.jpg,buffalo
01785.jpg,humpback+whale
01667.jpg,siamese+cat
02189.jpg,walrus
01729.jpg,spider+monkey
00524.jpg,weasel
02300.jpg,weasel
02658.jpg,beaver
00050.jpg,otter
02084.jpg,german+shepherd
02918.jpg,grizzly+bear
01498.jpg,spider+monkey
00818.jpg,otter
02272.jpg,mouse
02440.jpg,pig
02739.jpg,grizzly+bear
02697.jpg,cow
00451.jpg,hippopotamus
00592.jpg,zebra
02630.jpg,leopard
02871.jpg,dalmatian
01313.jpg,bobcat
02280.jpg,grizzly+bear
02274.jpg,humpback+whale
00874.jpg,buffalo
01004.jpg,mole
02046.jpg,german+shepherd
00755.jpg,blue+whale
00218.jpg,bobcat
00719.jpg,skunk
02852.jpg,bobcat
02771.jpg,hamster
00190.jpg,chihuahua
02101.jpg,zebra
02477.jpg,dolphin
01205.jpg,tiger
00123.jpg,giraffe
01557.jpg,chihuahua
00075.jpg,dalmatian
02925.jpg,otter
00099.jpg,bat
00565.jpg,polar+bear
01932.jpg,siamese+cat
01015.jpg,dalmatian
01189.jpg,persian+cat
02358.jpg,walrus
00967.jpg,wolf
01311.jpg,leopard
02712.jpg,german+shepherd
00393.jpg,elephant
02989.jpg,hippopotamus
02405.jpg,bobcat
01821.jpg,skunk
01399.jpg,spider+monkey
02147.jpg,rat
00209.jpg,wolf
00066.jpg,deer
00905.jpg,wolf
00098.jpg,rat
02151.jpg,leopard
00262.jpg,giant+panda
00803.jpg,spider+monkey
01631.jpg,rat
02005.jpg,german+shepherd
00314.jpg,cow
00244.jpg,beaver
02810.jpg,cow
01933.jpg,cow
02661.jpg,pig
02351.jpg,hippopotamus
00191.jpg,buffalo
01976.jpg,bobcat
01567.jpg,leopard
02955.jpg,mouse
02002.jpg,leopard
01266.jpg,seal
02481.jpg,rat
02172.jpg,elephant
01532.jpg,zebra
00934.jpg,cow
02220.jpg,elephant
01092.jpg,german+shepherd
01762.jpg,seal
01860.jpg,bat
02117.jpg,deer
01099.jpg,beaver
02239.jpg,deer
01584.jpg,tiger
02244.jpg,skunk
01396.jpg,giant+panda
00503.jpg,lion
02177.jpg,german+shepherd
01476.jpg,chihuahua
02293.jpg,lion
00174.jpg,buffalo
02510.jpg,seal
01544.jpg,wolf
01987.jpg,cow
00888.jpg,deer
00225.jpg,rat
00079.jpg,deer
02065.jpg,german+shepherd
02691.jpg,chihuahua
00281.jpg,antelope
01681.jpg,spider+monkey
00912.jpg,elephant
01657.jpg,walrus
02983.jpg,rat
00909.jpg,weasel
00358.jpg,walrus
02928.jpg,persian+cat
02439.jpg,deer
00579.jpg,buffalo
02587.jpg,walrus
02939.jpg,elephant
01009.jpg,antelope
02341.jpg,humpback+whale
01912.jpg,humpback+whale
00082.jpg,deer
01041.jpg,deer
01898.jpg,wolf
01799.jpg,pig
00519.jpg,deer
00094.jpg,buffalo
01570.jpg,persian+cat
00452.jpg,hamster
01157.jpg,dolphin
00543.jpg,lion
02767.jpg,giant+panda
01711.jpg,beaver
00736.jpg,beaver
01197.jpg,lion
00948.jpg,walrus
02406.jpg,otter
00414.jpg,siamese+cat
02505.jpg,deer
01512.jpg,mouse
00337.jpg,beaver
02559.jpg,german+shepherd
02804.jpg,elephant
01938.jpg,spider+monkey
02684.jpg,hippopotamus
00338.jpg,elephant
02931.jpg,mouse
00408.jpg,leopard
01060.jpg,bat
02842.jpg,hippopotamus
01682.jpg,deer
02545.jpg,otter
00041.jpg,spider+monkey
00988.jpg,weasel
01343.jpg,mouse
01893.jpg,weasel
00504.jpg,leopard
01511.jpg,siamese+cat
00295.jpg,ox
01919.jpg,tiger
01743.jpg,grizzly+bear
02575.jpg,skunk
01697.jpg,wolf
01857.jpg,german+shepherd
02104.jpg,polar+bear
02113.jpg,deer
00508.jpg,mouse
00539.jpg,wolf
01751.jpg,bobcat
01749.jpg,giant+panda
01541.jpg,walrus
02229.jpg,lion
00764.jpg,german+shepherd
02384.jpg,persian+cat
01935.jpg,buffalo
01230.jpg,giraffe
01182.jpg,mouse
01817.jpg,chihuahua
00701.jpg,zebra
01686.jpg,seal
02176.jpg,wolf
02131.jpg,hippopotamus
00108.jpg,blue+whale
01583.jpg,deer
02490.jpg,leopard
02263.jpg,seal
01575.jpg,grizzly+bear
00774.jpg,german+shepherd
02646.jpg,cow
02407.jpg,hamster
00445.jpg,spider+monkey
02132.jpg,cow
01203.jpg,spider+monkey
01525.jpg,rat
00992.jpg,deer
02912.jpg,buffalo
01278.jpg,blue+whale
00256.jpg,hippopotamus
02030.jpg,chihuahua
01378.jpg,cow
00675.jpg,wolf
02627.jpg,seal
00647.jpg,mouse
02535.jpg,pig
00368.jpg,german+shepherd
01267.jpg,weasel
01694.jpg,pig
00631.jpg,giraffe
02979.jpg,mouse
02054.jpg,zebra
02056.jpg,polar+bear
00350.jpg,skunk
01739.jpg,walrus
02582.jpg,rat
02687.jpg,ox
00772.jpg,spider+monkey
00016.jpg,blue+whale
02076.jpg,spider+monkey
00119.jpg,zebra
01357.jpg,bobcat
02525.jpg,deer
01361.jpg,german+shepherd
02095.jpg,rat
00863.jpg,rat
02164.jpg,walrus
00317.jpg,dalmatian
01997.jpg,giant+panda
01699.jpg,rat
01574.jpg,hamster
00371.jpg,spider+monkey
02640.jpg,giant+panda
01520.jpg,tiger
01269.jpg,deer
02219.jpg,siamese+cat
02729.jpg,mouse
01324.jpg,spider+monkey
00432.jpg,german+shepherd
01190.jpg,hamster
02218.jpg,persian+cat
01757.jpg,elephant
02974.jpg,zebra
00685.jpg,chihuahua
00184.jpg,mouse
02937.jpg,leopard
01124.jpg,weasel
00728.jpg,giraffe
00329.jpg,cow
01736.jpg,rat
00534.jpg,spider+monkey
00589.jpg,seal
02346.jpg,siamese+cat
02237.jpg,grizzly+bear
02669.jpg,siamese+cat
00283.jpg,cow
01491.jpg,pig
02521.jpg,killer+whale
01379.jpg,antelope
01210.jpg,polar+bear
02286.jpg,raccoon
00883.jpg,german+shepherd
00987.jpg,deer
00961.jpg,spider+monkey
01237.jpg,skunk
01640.jpg,wolf
01730.jpg,deer
00927.jpg,leopard
01830.jpg,deer
02303.jpg,giant+panda
02648.jpg,rat
02833.jpg,mouse
00457.jpg,buffalo
02592.jpg,antelope
01538.jpg,otter
00674.jpg,buffalo
01070.jpg,bobcat
02981.jpg,pig
00141.jpg,spider+monkey
02483.jpg,chihuahua
01497.jpg,otter
00102.jpg,mole
01226.jpg,weasel
02230.jpg,skunk
00791.jpg,giant+panda
00134.jpg,chihuahua
00169.jpg,pig
02058.jpg,wolf
02020.jpg,deer
02844.jpg,deer
02141.jpg,skunk
01400.jpg,elephant
02037.jpg,deer
01427.jpg,persian+cat
00768.jpg,hamster
02548.jpg,spider+monkey
01383.jpg,wolf
00532.jpg,mole
00443.jpg,leopard
01178.jpg,weasel
01456.jpg,pig
00447.jpg,bobcat
00921.jpg,bobcat
00433.jpg,dalmatian
01276.jpg,rat
01180.jpg,elephant
00118.jpg,humpback+whale
02866.jpg,ox
00797.jpg,pig
00369.jpg,giant+panda
02850.jpg,bat
02867.jpg,leopard
01463.jpg,antelope
02078.jpg,polar+bear
02454.jpg,german+shepherd
00401.jpg,buffalo
00932.jpg,german+shepherd
02967.jpg,seal
00375.jpg,cow
00786.jpg,leopard
02865.jpg,cow
02012.jpg,seal
00610.jpg,mouse
01549.jpg,mouse
00541.jpg,rat
01706.jpg,giraffe
00241.jpg,walrus
00015.jpg,spider+monkey
01082.jpg,otter
02812.jpg,dolphin
01778.jpg,deer
01332.jpg,elephant
00520.jpg,cow
02224.jpg,skunk
01279.jpg,bat
01385.jpg,bat
01260.jpg,killer+whale
01650.jpg,chihuahua
02806.jpg,polar+bear
01930.jpg,beaver
00846.jpg,elephant
02016.jpg,siamese+cat
01407.jpg,giant+panda
02813.jpg,leopard
01934.jpg,raccoon
00550.jpg,bat
01828.jpg,lion
00547.jpg,dolphin
01055.jpg,mole
02683.jpg,siamese+cat
01080.jpg,rat
00823.jpg,rat
01590.jpg,siamese+cat
00555.jpg,deer
02049.jpg,deer
02033.jpg,elephant
02805.jpg,otter
01291.jpg,cow
00239.jpg,blue+whale
00552.jpg,walrus
00902.jpg,blue+whale
00502.jpg,hippopotamus
01516.jpg,weasel
02651.jpg,polar+bear
01211.jpg,elephant
01972.jpg,hamster
01941.jpg,killer+whale
01754.jpg,spider+monkey
00257.jpg,spider+monkey
01637.jpg,ox
02701.jpg,persian+cat
01471.jpg,tiger
00505.jpg,deer
02746.jpg,tiger
01741.jpg,giant+panda
02411.jpg,wolf
00172.jpg,deer
01174.jpg,chihuahua
02431.jpg,humpback+whale
01466.jpg,otter
01606.jpg,dalmatian
02276.jpg,seal
01242.jpg,weasel
00587.jpg,killer+whale
00068.jpg,leopard
00612.jpg,cow
00446.jpg,weasel
01654.jpg,killer+whale
02077.jpg,beaver
00067.jpg,hippopotamus
00139.jpg,elephant
01370.jpg,cow
00318.jpg,ox
00367.jpg,siamese+cat
00831.jpg,skunk
01470.jpg,cow
01202.jpg,spider+monkey
02401.jpg,hippopotamus
01044.jpg,spider+monkey
01441.jpg,pig
01701.jpg,blue+whale
00835.jpg,spider+monkey
00055.jpg,chihuahua
02079.jpg,polar+bear
02183.jpg,mouse
01740.jpg,rat
02090.jpg,raccoon
01507.jpg,weasel
02825.jpg,spider+monkey
00083.jpg,dolphin
02816.jpg,chihuahua
01459.jpg,lion
02923.jpg,otter
02830.jpg,grizzly+bear
02681.jpg,spider+monkey
02698.jpg,zebra
00213.jpg,grizzly+bear
01783.jpg,mole
01048.jpg,weasel
00070.jpg,giant+panda
02395.jpg,walrus
02124.jpg,deer
00607.jpg,spider+monkey
01832.jpg,rat
01236.jpg,seal
02547.jpg,pig
02409.jpg,cow
00758.jpg,rat
00747.jpg,mole
01983.jpg,deer
01994.jpg,antelope
02129.jpg,rat
00919.jpg,otter
01342.jpg,raccoon
00216.jpg,hamster
02197.jpg,pig
01531.jpg,dalmatian
01537.jpg,german+shepherd
01710.jpg,skunk
00326.jpg,mouse
01316.jpg,pig
01451.jpg,persian+cat
00523.jpg,mouse
00002.jpg,blue+whale
01524.jpg,killer+whale
02574.jpg,hamster
02082.jpg,mouse
01517.jpg,buffalo
00603.jpg,persian+cat
00423.jpg,walrus
02114.jpg,raccoon
00526.jpg,giant+panda
00292.jpg,rat
00770.jpg,rat
02791.jpg,ox
01846.jpg,wolf
02288.jpg,german+shepherd
02828.jpg,humpback+whale
00673.jpg,spider+monkey
01404.jpg,mouse
00491.jpg,mole
02615.jpg,raccoon
01482.jpg,blue+whale
00851.jpg,german+shepherd
01448.jpg,pig
01958.jpg,leopard
00478.jpg,lion
00424.jpg,spider+monkey
02760.jpg,giraffe
00487.jpg,polar+bear
00470.jpg,hippopotamus
02232.jpg,cow
01078.jpg,bobcat
01928.jpg,giant+panda
02906.jpg,elephant
01021.jpg,buffalo
01417.jpg,polar+bear
00290.jpg,grizzly+bear
00880.jpg,buffalo
02723.jpg,bobcat
02214.jpg,deer
01163.jpg,deer
01723.jpg,deer
01312.jpg,seal
00591.jpg,mole
00866.jpg,blue+whale
00577.jpg,deer
00152.jpg,bat
00970.jpg,hamster
00999.jpg,rat
01195.jpg,seal
01536.jpg,weasel
01208.jpg,deer
00078.jpg,tiger
02964.jpg,killer+whale
02055.jpg,bat
01170.jpg,cow
01769.jpg,cow
00783.jpg,elephant
02196.jpg,leopard
01708.jpg,cow
02167.jpg,otter
02849.jpg,mouse
02694.jpg,deer
00836.jpg,chihuahua
01904.jpg,killer+whale
02991.jpg,raccoon
01766.jpg,cow
02514.jpg,lion
01111.jpg,german+shepherd
01391.jpg,siamese+cat
01328.jpg,wolf
02469.jpg,spider+monkey
00917.jpg,skunk
00327.jpg,raccoon
00240.jpg,deer
00436.jpg,spider+monkey
01479.jpg,elephant
01086.jpg,walrus
00958.jpg,spider+monkey
02243.jpg,wolf
02247.jpg,giraffe
02947.jpg,rat
00953.jpg,mole
01030.jpg,deer
00114.jpg,german+shepherd
01709.jpg,leopard
00233.jpg,killer+whale
00811.jpg,giraffe
00227.jpg,deer
02610.jpg,buffalo
01120.jpg,otter
00039.jpg,otter
01720.jpg,chihuahua
00024.jpg,walrus
01673.jpg,deer
00875.jpg,chihuahua
00493.jpg,elephant
00672.jpg,killer+whale
01436.jpg,polar+bear
01591.jpg,zebra
02879.jpg,skunk
01632.jpg,ox
01542.jpg,polar+bear
02361.jpg,raccoon
01586.jpg,persian+cat
00474.jpg,beaver
02422.jpg,hippopotamus
00788.jpg,ox
01900.jpg,grizzly+bear
02323.jpg,cow
01540.jpg,raccoon
02977.jpg,cow
02526.jpg,dolphin
02758.jpg,polar+bear
02533.jpg,giraffe
02295.jpg,humpback+whale
01432.jpg,deer
00138.jpg,german+shepherd
00356.jpg,seal
01628.jpg,grizzly+bear
00939.jpg,pig
02796.jpg,wolf
01833.jpg,dolphin
02298.jpg,deer
02606.jpg,weasel
00717.jpg,killer+whale
01119.jpg,wolf
01460.jpg,mole
01973.jpg,weasel
02137.jpg,mouse
02913.jpg,mouse
01651.jpg,chihuahua
02289.jpg,bobcat
00760.jpg,walrus
01039.jpg,pig
00031.jpg,buffalo
02779.jpg,giant+panda
00133.jpg,siamese+cat
01007.jpg,chihuahua
00420.jpg,siamese+cat
02730.jpg,rat
01892.jpg,dalmatian
01338.jpg,elephant
02666.jpg,siamese+cat
01698.jpg,raccoon
00362.jpg,mouse
02975.jpg,spider+monkey
01303.jpg,buffalo
02573.jpg,buffalo
02345.jpg,walrus
02512.jpg,dolphin
02898.jpg,elephant
00379.jpg,wolf
00676.jpg,beaver
00136.jpg,deer
00093.jpg,grizzly+bear
01571.jpg,ox
01225.jpg,pig
01577.jpg,german+shepherd
00566.jpg,cow
01455.jpg,persian+cat
02397.jpg,giraffe
01444.jpg,deer
02328.jpg,pig
01285.jpg,ox
02718.jpg,rat
01771.jpg,hippopotamus
00860.jpg,seal
02057.jpg,humpback+whale
00026.jpg,otter
00450.jpg,bobcat
00854.jpg,bobcat
02154.jpg,deer
01513.jpg,chihuahua
02552.jpg,chihuahua
00236.jpg,buffalo
00557.jpg,hippopotamus
01051.jpg,wolf
02728.jpg,pig
00633.jpg,bobcat
01305.jpg,deer
00307.jpg,weasel
01349.jpg,mouse
02350.jpg,killer+whale
01483.jpg,elephant
02688.jpg,buffalo
01674.jpg,rat
01241.jpg,killer+whale
01612.jpg,siamese+cat
02692.jpg,giant+panda
00353.jpg,chihuahua
00374.jpg,seal
01367.jpg,weasel
02130.jpg,giraffe
02051.jpg,seal
00484.jpg,hippopotamus
00794.jpg,giraffe
00335.jpg,grizzly+bear
01468.jpg,spider+monkey
00389.jpg,dolphin
02528.jpg,pig
00584.jpg,deer
00396.jpg,weasel
01560.jpg,beaver
01592.jpg,german+shepherd
00604.jpg,wolf
01109.jpg,walrus
00193.jpg,polar+bear
02354.jpg,grizzly+bear
02840.jpg,wolf
01300.jpg,german+shepherd
00870.jpg,tiger
00223.jpg,hippopotamus
01050.jpg,skunk
02628.jpg,killer+whale
00155.jpg,deer
00915.jpg,deer
01297.jpg,walrus
01488.jpg,humpback+whale
00707.jpg,hippopotamus
02808.jpg,elephant
01848.jpg,mouse
02311.jpg,zebra
01884.jpg,cow
01685.jpg,chihuahua
01485.jpg,german+shepherd
01061.jpg,elephant
00035.jpg,giraffe
01201.jpg,giant+panda
01742.jpg,spider+monkey
01114.jpg,cow
01959.jpg,deer
00661.jpg,cow
00947.jpg,spider+monkey
01145.jpg,beaver
02136.jpg,walrus
01789.jpg,hippopotamus
02045.jpg,weasel
01925.jpg,rat
00857.jpg,pig
01670.jpg,bobcat
02911.jpg,deer
01438.jpg,chihuahua
02458.jpg,leopard
02827.jpg,wolf
01914.jpg,grizzly+bear
01426.jpg,skunk
01005.jpg,pig
02530.jpg,ox
00399.jpg,weasel
01924.jpg,ox
02682.jpg,grizzly+bear
00667.jpg,ox
02052.jpg,mouse
01759.jpg,grizzly+bear
02919.jpg,pig
02452.jpg,rat
00382.jpg,lion
02676.jpg,pig
02435.jpg,hamster
00594.jpg,weasel
02793.jpg,deer
01268.jpg,mouse
00287.jpg,seal
00812.jpg,cow
01655.jpg,buffalo
02649.jpg,cow
00842.jpg,antelope
02353.jpg,antelope
00084.jpg,walrus
01792.jpg,dalmatian
00210.jpg,dalmatian
00061.jpg,polar+bear
02352.jpg,raccoon
00757.jpg,wolf
02319.jpg,wolf
01601.jpg,cow
01135.jpg,pig
01166.jpg,pig
02322.jpg,seal
02577.jpg,antelope
02948.jpg,raccoon
02112.jpg,bobcat
00556.jpg,skunk
01816.jpg,pig
01309.jpg,rat
02895.jpg,mouse
01999.jpg,dolphin
00221.jpg,spider+monkey
00330.jpg,grizzly+bear
00709.jpg,elephant
02792.jpg,bat
01152.jpg,spider+monkey
00348.jpg,otter
00618.jpg,wolf
01113.jpg,tiger
02338.jpg,dalmatian
01196.jpg,seal
01073.jpg,wolf
00708.jpg,rat
01805.jpg,grizzly+bear
00733.jpg,buffalo
00322.jpg,siamese+cat
01875.jpg,hamster
00645.jpg,mole
00297.jpg,blue+whale
00454.jpg,lion
02150.jpg,ox
02098.jpg,deer
02034.jpg,elephant
02608.jpg,humpback+whale
00897.jpg,grizzly+bear
01613.jpg,weasel
00669.jpg,hippopotamus
02614.jpg,pig
00665.jpg,weasel
01692.jpg,persian+cat
00497.jpg,killer+whale
01154.jpg,chihuahua
00135.jpg,otter
01293.jpg,spider+monkey
00515.jpg,zebra
02277.jpg,leopard
01085.jpg,deer
01768.jpg,antelope
00054.jpg,elephant
00429.jpg,deer
02762.jpg,deer
01858.jpg,mouse
01217.jpg,dolphin
02823.jpg,elephant
02962.jpg,cow
02907.jpg,spider+monkey
02292.jpg,hamster
02920.jpg,seal
00658.jpg,cow
01576.jpg,leopard
02656.jpg,leopard
00771.jpg,polar+bear
02766.jpg,ox
01545.jpg,walrus
00513.jpg,beaver
00969.jpg,spider+monkey
01394.jpg,raccoon
00276.jpg,spider+monkey
02708.jpg,weasel
01939.jpg,bat
01238.jpg,ox
01359.jpg,mouse
00650.jpg,elephant
02645.jpg,walrus
02953.jpg,german+shepherd
01412.jpg,beaver
00366.jpg,mouse
01380.jpg,german+shepherd
01224.jpg,deer
02198.jpg,seal
02917.jpg,otter
02430.jpg,persian+cat
00598.jpg,pig
00726.jpg,grizzly+bear
01035.jpg,pig
00392.jpg,bat
00005.jpg,cow
01351.jpg,weasel
02498.jpg,grizzly+bear
00088.jpg,german+shepherd
00898.jpg,spider+monkey
02036.jpg,humpback+whale
02999.jpg,leopard
01440.jpg,rat
01918.jpg,dalmatian
00147.jpg,chihuahua
00168.jpg,raccoon
00167.jpg,raccoon
02644.jpg,walrus
01287.jpg,bobcat
02269.jpg,antelope
00729.jpg,elephant
02145.jpg,leopard
02841.jpg,german+shepherd
00850.jpg,dalmatian
00101.jpg,chihuahua
02629.jpg,grizzly+bear
01326.jpg,skunk
02307.jpg,weasel
02515.jpg,persian+cat
00876.jpg,elephant
00759.jpg,deer
00188.jpg,walrus
00400.jpg,dolphin
02414.jpg,skunk
00814.jpg,spider+monkey
00622.jpg,deer
02200.jpg,wolf
02474.jpg,cow
02207.jpg,skunk
02987.jpg,pig
01347.jpg,spider+monkey
02631.jpg,mouse
00620.jpg,beaver
01909.jpg,spider+monkey
02960.jpg,spider+monkey
01360.jpg,bat
01990.jpg,bobcat
01416.jpg,deer
01495.jpg,german+shepherd
00448.jpg,persian+cat
02868.jpg,spider+monkey
02929.jpg,mouse
02120.jpg,mouse
00737.jpg,elephant
00644.jpg,dolphin
00142.jpg,dalmatian
02234.jpg,otter
00175.jpg,deer
00657.jpg,mouse
01429.jpg,ox
00750.jpg,lion
02004.jpg,wolf
00716.jpg,rat
01301.jpg,spider+monkey
01927.jpg,cow
01835.jpg,mouse
02626.jpg,hippopotamus
02872.jpg,leopard
02465.jpg,cow
00032.jpg,hippopotamus
02584.jpg,deer
02523.jpg,cow
00313.jpg,skunk
01220.jpg,pig
01504.jpg,hippopotamus
02873.jpg,rat
00232.jpg,walrus
00616.jpg,pig
02564.jpg,lion
01472.jpg,spider+monkey
02188.jpg,blue+whale
00980.jpg,mouse
02500.jpg,pig
02448.jpg,dolphin
01765.jpg,giraffe
00606.jpg,grizzly+bear
01477.jpg,bat
02820.jpg,ox
00845.jpg,bat
01776.jpg,spider+monkey
01289.jpg,wolf
01770.jpg,pig
02213.jpg,deer
01141.jpg,dalmatian
01763.jpg,elephant
02922.jpg,otter
00590.jpg,wolf
01373.jpg,spider+monkey
02333.jpg,cow
01185.jpg,deer
02807.jpg,spider+monkey
02083.jpg,spider+monkey
01564.jpg,pig
02390.jpg,elephant
01025.jpg,rat
02106.jpg,german+shepherd
02491.jpg,cow
00691.jpg,rat
02834.jpg,spider+monkey
00659.jpg,mouse
01552.jpg,deer
01222.jpg,german+shepherd
02998.jpg,dolphin
00180.jpg,spider+monkey
02242.jpg,cow
01923.jpg,antelope
01810.jpg,cow
00458.jpg,rat
02668.jpg,spider+monkey
02109.jpg,elephant
00533.jpg,pig
02273.jpg,bobcat
00304.jpg,dalmatian
02959.jpg,seal
00096.jpg,rat
01057.jpg,siamese+cat
02764.jpg,buffalo
00112.jpg,otter
02599.jpg,buffalo
01580.jpg,cow
02831.jpg,otter
02765.jpg,cow
00264.jpg,cow
00040.jpg,giraffe
00986.jpg,spider+monkey
00018.jpg,mole
00319.jpg,otter
01863.jpg,blue+whale
02784.jpg,lion
02731.jpg,dolphin
01325.jpg,spider+monkey
00222.jpg,mouse
02956.jpg,humpback+whale
00117.jpg,spider+monkey
